 Lista de Imóveis da Caixa;;Data de geração:;06/03/2026;;;;;;;
 N° do imóvel;UF;Cidade;Bairro;Endereço;Preço;Valor de avaliação;Desconto;Financiamento;Descrição;Modalidade de venda;Link de acesso

 8444410924416 ;SC ;ABELARDO LUZ ;CENTRO ; RUA PREFEITO MAURICIO RODRIGUES DA COSTA, N. 521, LT 21, QD 03 ;320.000,00;320.000,00;0.00;Não;Casa, 88.18 de área total, 88.18 de área privativa, 384.00 de área do terreno,  3 qto(s), a.serv, WC, 1 sala(s), cozinha.;Leilão SFI - Edital Único;https://venda-imoveis.caixa.gov.br/sistema/detalhe-imovel.asp?hdnimovel=8444410924416
 10203835 ;SC ;AGROLANDIA ;CENTRO ;RUA RICARDO HOBUS, N. 00, LT 01-E ;196.460,32;330.000,00;40.47;Não;Terreno, 0.00 de área total, 0.00 de área privativa, 2018.00 de área do terreno.;Venda Direta Online;https://venda-imoveis.caixa.gov.br/sistema/detalhe-imovel.asp?hdnimovel=10203835
 10203836 ;SC ;AGROLANDIA ;CENTRO ;RUA RICARDO HOBUS, N. 00, LT 01-D ;267.900,44;450.000,00;40.47;Não;Terreno, 0.00 de área total, 0.00 de área privativa, 2000.00 de área do terreno.;Venda Direta Online;https://venda-imoveis.caixa.gov.br/sistema/detalhe-imovel.asp?hdnimovel=10203836
 8444416200800 ;SC ;ARAQUARI ;ITINGA ; SAO BENTO DO SUL, N. 668, CS 004 ;124.569,62;229.000,00;45.61;Não;Casa, 45.51 de área total, 44.46 de área privativa, 81.50 de área do terreno,  2 qto(s), a.serv, WC, 1 sala(s), cozinha, 1 vaga(s) de garagem.;Venda Online;https://venda-imoveis.caixa.gov.br/sistema/detalhe-imovel.asp?hdnimovel=8444416200800
 8444420114506 ;SC ;ARAQUARI ;ITINGA ; R OSWALDO BARBOSA FERREIRA, N. 54, Apto 101-, BL A ;115.467,48;205.000,00;43.68;Não;Apartamento, 0.00 de área total, 49.46 de área privativa, 0.00 de área do terreno, 1 vaga(s) de garagem.;Venda Direta Online;https://venda-imoveis.caixa.gov.br/sistema/detalhe-imovel.asp?hdnimovel=8444420114506
 8787711188177 ;SC ;ARAQUARI ;Porto Grande ; RUA JOSE JULHO MOREIRA, N. 3900, CS 02 ;183.691,35;300.000,00;38.77;Sim;Casa, 50.88 de área total, 50.01 de área privativa, 69.90 de área do terreno,  2 qto(s), a.serv, WC, 1 sala(s), cozinha, 1 vaga(s) de garagem.;Licitação Aberta;https://venda-imoveis.caixa.gov.br/sistema/detalhe-imovel.asp?hdnimovel=8787711188177
 8444408681137 ;SC ;ARARANGUA ;MORRO DOS CONVENTOS ;R JOSE JOAO DE MEDEIROS, N. 120, ;114.000,00;190.000,00;40.00;Não;Casa, 69.35 de área total, 58.02 de área privativa, 360.00 de área do terreno,  2 qto(s), a.serv, WC, 1 sala(s), cozinha, 1 vaga(s) de garagem.;Leilão SFI - Edital Único;https://venda-imoveis.caixa.gov.br/sistema/detalhe-imovel.asp?hdnimovel=8444408681137
 1444422980032 ;SC ;ARARANGUA ;URUSSANGUINHA ;RUA ALBINO PEREIRA DE SOUZA, N. 107, ;367.093,04;576.000,00;36.27;Sim;Casa, 123.71 de área total, 123.71 de área privativa, 432.00 de área do terreno,  3 qto(s), a.serv, WC, 1 sala(s), cozinha, 1 vaga(s) de garagem.;Licitação Aberta;https://venda-imoveis.caixa.gov.br/sistema/detalhe-imovel.asp?hdnimovel=1444422980032
 8444425538479 ;SC ;ARARANGUA ;CAVERAZINHO ; RUA F, N. 158, QD D LT 30 ;230.000,00;230.000,00;0.00;Não;Casa, 40.43 de área total, 40.43 de área privativa, 313.69 de área do terreno,  2 qto(s), 1 vaga(s) de garagem.;Leilão SFI - Edital Único;https://venda-imoveis.caixa.gov.br/sistema/detalhe-imovel.asp?hdnimovel=8444425538479
 1444420664702 ;SC ;AURORA ;CENTRO ; SEIS DE JUNHO, N. S/N, CS, ÁREA 02 ;429.812,29;350.000,00;0.00;Não;Casa, 120.00 de área total, 90.00 de área privativa, 8100.00 de área do terreno,  3 qto(s), a.serv, WC, 2 sala(s), cozinha, 2 vaga(s) de garagem.;Leilão SFI - Edital Único;https://venda-imoveis.caixa.gov.br/sistema/detalhe-imovel.asp?hdnimovel=1444420664702
 1444400624799 ;SC ;BALNEARIO CAMBORIU ;CENTRO ;AVENIDA ATLANTICA, N. 4104, Apto 504, ;1.550.000,00;1.442.000,00;0.00;Não;Apartamento, 103.53 de área total, 103.53 de área privativa, 0.00 de área do terreno, 1 vaga(s) de garagem.;Leilão SFI - Edital Único;https://venda-imoveis.caixa.gov.br/sistema/detalhe-imovel.asp?hdnimovel=1444400624799
 10282055 ;SC ;BALNEARIO CAMBORIU ;CENTRO ;RUA 1451, N. 158, Apto 901 ;2.753.930,28;2.047.000,00;0.00;Sim;Apartamento, 0.00 de área total, 107.64 de área privativa, 0.00 de área do terreno, 2 vaga(s) de garagem.;Leilão SFI - Edital Único;https://venda-imoveis.caixa.gov.br/sistema/detalhe-imovel.asp?hdnimovel=10282055
 1444402342529 ;SC ;BALNEARIO RINCAO ;CENTRO ;RUA OLANDIA FELISBINA ROCHA (ANTIGA RUA L), N. SN, QD 98 LT 15 ;155.000,00;155.000,00;0.00;Não;Terreno, 0.00 de área total, 0.00 de área privativa, 288.00 de área do terreno.;Leilão SFI - Edital Único;https://venda-imoveis.caixa.gov.br/sistema/detalhe-imovel.asp?hdnimovel=1444402342529
 8444404162933 ;SC ;BALNEARIO RINCAO ;PRAIA DO RINCAO ;AVENIDA OLINDINA FELISBINA ROCHA, N. SN, QD 91, LT 23 ;143.219,88;125.000,00;0.00;Não;Casa, 0.00 de área total, 86.13 de área privativa, 288.00 de área do terreno,  2 qto(s), a.serv, WC, 1 sala(s), cozinha.;Leilão SFI - Edital Único;https://venda-imoveis.caixa.gov.br/sistema/detalhe-imovel.asp?hdnimovel=8444404162933
 8555530365386 ;SC ;BARRA VELHA ;SÃO CRISTÓVÃO ; RUA FRANCISCO DE PAULA ANTUNES CORREA, N. 30, Apto 304, BL 02 ;260.000,00;256.000,00;0.00;Não;Apartamento, 59.24 de área total, 49.35 de área privativa, 0.00 de área do terreno,  2 qto(s), WC, 1 sala(s), cozinha.;Leilão SFI - Edital Único;https://venda-imoveis.caixa.gov.br/sistema/detalhe-imovel.asp?hdnimovel=8555530365386
 8787708262566 ;SC ;BLUMENAU ;ITOUPAVA CENTRAL ;RUA RUDOLFO WALTER, N. 1445, Apto 404, 4ºPAV VL 9 VG 75 ;131.762,14;218.000,00;39.56;Sim;Apartamento, 47.79 de área total, 38.40 de área privativa, 0.00 de área do terreno,  2 qto(s), WC, 1 sala(s), cozinha, 1 vaga(s) de garagem.;Venda Online;https://venda-imoveis.caixa.gov.br/sistema/detalhe-imovel.asp?hdnimovel=8787708262566
 8787708808038 ;SC ;BLUMENAU ;ITOUPAVA CENTRAL ;RUA RUDOLFO WALTER, N. 1445, Apto 202, BL 01 SUBCOND BRUNNEN VG 06 ;133.575,38;221.000,00;39.56;Não;Apartamento, 58.83 de área total, 38.40 de área privativa, 0.00 de área do terreno,  2 qto(s), WC, 1 sala(s), cozinha, 1 vaga(s) de garagem.;Licitação Aberta;https://venda-imoveis.caixa.gov.br/sistema/detalhe-imovel.asp?hdnimovel=8787708808038
 8787710247196 ;SC ;BLUMENAU ;ITOUPAVA CENTRAL ;RUA RUDOLFO WALTER, N. 1445, Apto 404, BL 3  4ºPAV VG277 ;120.882,70;200.000,00;39.56;Não;Apartamento, 47.79 de área total, 38.40 de área privativa, 0.00 de área do terreno,  2 qto(s), WC, 1 sala(s), 1 vaga(s) de garagem.;Venda Online;https://venda-imoveis.caixa.gov.br/sistema/detalhe-imovel.asp?hdnimovel=8787710247196
 8787709148635 ;SC ;BLUMENAU ;PROGRESSO ;RUA JOAO DEOLA, N. 150, Apto 201, BL 15, VAGA 199 ;150.014,60;245.000,00;38.77;Não;Apartamento, 54.10 de área total, 43.14 de área privativa, 0.00 de área do terreno,  2 qto(s), WC, 1 sala(s), cozinha, 1 vaga(s) de garagem.;Venda Direta Online;https://venda-imoveis.caixa.gov.br/sistema/detalhe-imovel.asp?hdnimovel=8787709148635
 1444421543097 ;SC ;BLUMENAU ;ITOUPAVAZINHA ;RUA ERWIN STEIN, N. 161, CASA 04 ;248.552,58;390.000,00;36.27;Não;Casa, 75.20 de área total, 74.07 de área privativa, 124.51 de área do terreno,  2 qto(s), a.serv, WC, 1 sala(s), 1 lavabo(s), cozinha, 1 vaga(s) de garagem.;Licitação Aberta;https://venda-imoveis.caixa.gov.br/sistema/detalhe-imovel.asp?hdnimovel=1444421543097
 1444418394949 ;SC ;BLUMENAU ;BADENFURT ;RUA CARL MULLER, N. 259, CS03 ;345.000,00;345.000,00;0.00;Não;Casa, 0.00 de área total, 71.13 de área privativa, 105.00 de área do terreno,  2 qto(s), a.serv, WC, 1 sala(s), cozinha, 1 vaga(s) de garagem.;Leilão SFI - Edital Único;https://venda-imoveis.caixa.gov.br/sistema/detalhe-imovel.asp?hdnimovel=1444418394949
 8787707700110 ;SC ;BLUMENAU ;PROGRESSO ;RUA JOAO DEOLA, N. 150, Apto 302, BL 11, 3º PAV, VAGA GARAGEM Nº 146 ;155.000,00;155.000,00;0.00;Não;Apartamento, 75.59 de área total, 38.40 de área privativa, 0.00 de área do terreno,  2 qto(s), WC, 1 sala(s), cozinha, 1 vaga(s) de garagem.;Leilão SFI - Edital Único;https://venda-imoveis.caixa.gov.br/sistema/detalhe-imovel.asp?hdnimovel=8787707700110
 1555521709886 ;SC ;BLUMENAU ;ESCOLA AGRICOLA ;RUA JOSE DEEKE, N. 691, ;850.000,00;850.000,00;0.00;Não;Casa, 223.08 de área total, 223.08 de área privativa, 409.31 de área do terreno,  3 qto(s), a.serv, WC, 2 sala(s), 2 lavabo(s), cozinha, 2 vaga(s) de garagem.;Leilão SFI - Edital Único;https://venda-imoveis.caixa.gov.br/sistema/detalhe-imovel.asp?hdnimovel=1555521709886
 8787712596767 ;SC ;BLUMENAU ;ITOUPAVA CENTRAL ;RUA RUDOLFO WALTER, N. 1449, Apto 304, BL 25 RES BENDORF ;205.000,00;200.000,00;0.00;Não;Apartamento, 59.38 de área total, 38.40 de área privativa, 0.00 de área do terreno,  2 qto(s), a.serv, WC, 1 sala(s), cozinha, 1 vaga(s) de garagem.;Leilão SFI - Edital Único;https://venda-imoveis.caixa.gov.br/sistema/detalhe-imovel.asp?hdnimovel=8787712596767
 1444412209945 ;SC ;BLUMENAU ;FORTALEZA ALTA ;RUA MONTE MERU, N. 30, CS 03 ;400.000,00;310.000,00;0.00;Não;Casa, 70.48 de área total, 66.70 de área privativa, 92.36 de área do terreno,  2 qto(s), a.serv, WC, 1 sala(s), 1 lavabo(s), cozinha, 1 vaga(s) de garagem.;Leilão SFI - Edital Único;https://venda-imoveis.caixa.gov.br/sistema/detalhe-imovel.asp?hdnimovel=1444412209945
 1444403120732 ;SC ;BLUMENAU ;VELHA ;RUA PEREIRA DE OLIVEIRA, N. 100, Apto 501, ;557.070,12;383.000,00;0.00;Não;Apartamento, 0.00 de área total, 73.64 de área privativa, 0.00 de área do terreno, 2 vaga(s) de garagem.;Leilão SFI - Edital Único;https://venda-imoveis.caixa.gov.br/sistema/detalhe-imovel.asp?hdnimovel=1444403120732
 10219365 ;SC ;BRACO DO NORTE ;PINHEIRAL ;TERRENO RURAL PINHEIRAL, N. 00, IMÓVEL RURAL ;514.312,64;807.000,00;36.27;Não;Imóvel rural, 0.00 de área total, 0.00 de área privativa, 61551.50 de área do terreno.;Venda Direta Online;https://venda-imoveis.caixa.gov.br/sistema/detalhe-imovel.asp?hdnimovel=10219365
 8444426876491 ;SC ;BRUSQUE ;SAO PEDRO ;RUA FLORIANO FISCHER, N. 344, Apto 102, ;255.000,00;228.000,00;0.00;Não;Apartamento, 55.73 de área total, 50.84 de área privativa, 0.00 de área do terreno,  2 qto(s), a.serv, WC, 1 sala(s), cozinha.;Leilão SFI - Edital Único;https://venda-imoveis.caixa.gov.br/sistema/detalhe-imovel.asp?hdnimovel=8444426876491
 1444402788306 ;SC ;BRUSQUE ;BATEAS ;RUA JOSE JACOB BRICK, N. 210, LOTE 04 DA QUADRA 08 ;1.050.000,00;800.000,00;0.00;Não;Terreno, 0.00 de área total, 0.00 de área privativa, 450.00 de área do terreno.;Leilão SFI - Edital Único;https://venda-imoveis.caixa.gov.br/sistema/detalhe-imovel.asp?hdnimovel=1444402788306
 1555532472637 ;SC ;CACADOR ;BERGER ;R HENRIQUETA TEDESCO, N. 77, Apto 104, ;302.400,00;504.000,00;40.00;Não;Apartamento, 0.00 de área total, 71.82 de área privativa, 0.00 de área do terreno, 1 vaga(s) de garagem.;Leilão SFI - Edital Único;https://venda-imoveis.caixa.gov.br/sistema/detalhe-imovel.asp?hdnimovel=1555532472637
 1555511556106 ;SC ;CAMBORIU ;LIDIA DUARTE ;RUA DO EMPREENDEDOR, N. 555, CS 03 ;293.164,58;460.000,00;36.27;Sim;Casa, 127.08 de área total, 69.60 de área privativa, 127.08 de área do terreno,  2 qto(s), WC, 1 sala(s), cozinha.;Venda Online;https://venda-imoveis.caixa.gov.br/sistema/detalhe-imovel.asp?hdnimovel=1555511556106
 8187900004369 ;SC ;CAMBORIU ;CEDRO ;RUA OSVALDO MINELLA, N. 2029, Apto 103, BL D ;330.000,00;330.000,00;0.00;Não;Apartamento, 63.15 de área total, 54.47 de área privativa, 0.00 de área do terreno,  2 qto(s), a.serv, WC, 1 sala(s), cozinha.;Leilão SFI - Edital Único;https://venda-imoveis.caixa.gov.br/sistema/detalhe-imovel.asp?hdnimovel=8187900004369
 10218507 ;SC ;CAMPOS NOVOS ;BOA VISTA ;RUA PROJETADA J, N. 400, CASA 11 ;138.473,13;220.000,00;37.06;Não;Casa, 0.00 de área total, 74.97 de área privativa, 150.00 de área do terreno.;Licitação Aberta;https://venda-imoveis.caixa.gov.br/sistema/detalhe-imovel.asp?hdnimovel=10218507
 8444414299966 ;SC ;CANOINHAS ;CAMPO DA AGUA VERDE ;RUA JOAQUIM VIEIRA DE LIMA, N. 1217, CASA 01, LT 23, QD 1310 ;175.000,00;175.000,00;0.00;Não;Casa, 58.14 de área total, 58.14 de área privativa, 240.75 de área do terreno,  2 qto(s), varanda, a.serv, 1 sala(s), cozinha, 1 vaga(s) de garagem.;Leilão SFI - Edital Único;https://venda-imoveis.caixa.gov.br/sistema/detalhe-imovel.asp?hdnimovel=8444414299966
 1444403096319 ;SC ;CAPIVARI DE BAIXO ;CENTRO ; RUA ENGENHEIRO ISMAEL COELHO DE SOUZA, N. 112, LT 12 QD B ;294.466,06;294.466,06;0.00;Não;Casa, 0.00 de área total, 58.00 de área privativa, 727.40 de área do terreno.;Leilão SFI - Edital Único;https://venda-imoveis.caixa.gov.br/sistema/detalhe-imovel.asp?hdnimovel=1444403096319
 8444405434988 ;SC ;CHAPECO ;PASSO DOS FORTES ;RUA QUATORZE DE AGOSTO, N. 1733E, Apto 333, BL 05 ;211.000,00;211.000,00;0.00;Não;Apartamento, 53.42 de área total, 47.30 de área privativa, 0.00 de área do terreno,  2 qto(s), WC, 1 sala(s), cozinha, 1 vaga(s) de garagem.;Leilão SFI - Edital Único;https://venda-imoveis.caixa.gov.br/sistema/detalhe-imovel.asp?hdnimovel=8444405434988
 8787703596547 ;SC ;CHAPECO ;SANTO ANTONIO ;RUA IVETE MARIA CUNICO, N. 260D, Apto 101, BL C ;215.000,00;215.000,00;0.00;Não;Apartamento, 67.62 de área total, 47.55 de área privativa, 0.00 de área do terreno,  2 qto(s), WC, 1 sala(s), cozinha, 1 vaga(s) de garagem.;Leilão SFI - Edital Único;https://venda-imoveis.caixa.gov.br/sistema/detalhe-imovel.asp?hdnimovel=8787703596547
 8787706939313 ;SC ;CHAPECO ;SANTO ANTONIO ;RUA IVETE MARIA CUNICO, N. 197-D, Apto 404, BL E VAGA E404 ;214.750,00;214.750,00;0.00;Não;Apartamento, 67.64 de área total, 44.10 de área privativa, 0.00 de área do terreno,  2 qto(s), WC, 1 sala(s), cozinha, 1 vaga(s) de garagem.;Leilão SFI - Edital Único;https://venda-imoveis.caixa.gov.br/sistema/detalhe-imovel.asp?hdnimovel=8787706939313
 8787706712904 ;SC ;CHAPECO ;PARAISO ;RUA DAS MARGARIDAS, N. 485E, Apto 104B, BL B, PAV.1, VG BOX22 ;408.000,00;408.000,00;0.00;Não;Apartamento, 98.29 de área total, 62.27 de área privativa, 0.00 de área do terreno,  2 qto(s), varanda, a.serv, WC, 1 sala(s), cozinha, 1 vaga(s) de garagem.;Leilão SFI - Edital Único;https://venda-imoveis.caixa.gov.br/sistema/detalhe-imovel.asp?hdnimovel=8787706712904
 8787712548231 ;SC ;CHAPECO ;DESBRAVADOR ;RUA REGINA MATIELLO TAUFFER, N. 565D, Apto 102, BL F ;226.000,00;226.000,00;0.00;Não;Apartamento, 68.32 de área total, 44.10 de área privativa, 0.00 de área do terreno,  2 qto(s), WC, 1 sala(s), cozinha, 1 vaga(s) de garagem.;Leilão SFI - Edital Único;https://venda-imoveis.caixa.gov.br/sistema/detalhe-imovel.asp?hdnimovel=8787712548231
 1444424075671 ;SC ;CONCORDIA ;CENTRO ;RUA 29 DE JULHO, N. 260, Apto 31, ;560.000,00;560.000,00;0.00;Não;Apartamento, 0.00 de área total, 61.14 de área privativa, 0.00 de área do terreno.;Leilão SFI - Edital Único;https://venda-imoveis.caixa.gov.br/sistema/detalhe-imovel.asp?hdnimovel=1444424075671
 8787700933445 ;SC ;CRICIUMA ;FABIO SILVA ;RUA ZELIO PAULO GALLI, N. SN, Apto 301, BL 15 ;111.212,08;184.000,00;39.56;Não;Apartamento, 59.97 de área total, 52.81 de área privativa, 0.00 de área do terreno,  2 qto(s), a.serv, WC, 1 sala(s), cozinha, 1 vaga(s) de garagem.;Licitação Aberta;https://venda-imoveis.caixa.gov.br/sistema/detalhe-imovel.asp?hdnimovel=8787700933445
 8787702426788 ;SC ;CRICIUMA ;LARANJINHA ;R CAETANO RONCHI, N. 1100, Apto 111, ;116.160,37;165.000,00;29.60;Não;Apartamento, 60.61 de área total, 52.01 de área privativa, 0.00 de área do terreno,  2 qto(s), WC, 1 sala(s), cozinha.;Leilão SFI - Edital Único;https://venda-imoveis.caixa.gov.br/sistema/detalhe-imovel.asp?hdnimovel=8787702426788
 8787711492704 ;SC ;CRICIUMA ;VILA FLORESTA ;R FELIPE COLOMBO, N. 280, Apto 301, BL 5 ;133.181,28;180.000,00;26.02;Não;Apartamento, 50.07 de área total, 43.12 de área privativa, 0.00 de área do terreno,  2 qto(s), WC, 1 sala(s), cozinha.;Leilão SFI - Edital Único;https://venda-imoveis.caixa.gov.br/sistema/detalhe-imovel.asp?hdnimovel=8787711492704
 1555517895590 ;SC ;CRICIUMA ;LARANJINHA ;RUA ANTONIO SERAFIM, N. 768, AREA 2 ;250.000,00;250.000,00;0.00;Não;Casa, 0.00 de área total, 73.83 de área privativa, 443.16 de área do terreno.;Leilão SFI - Edital Único;https://venda-imoveis.caixa.gov.br/sistema/detalhe-imovel.asp?hdnimovel=1555517895590
 8555530584568 ;SC ;CRICIUMA ;ARGENTINA ;RUA DAS ORQUIDEAS, N. 380, Apto 404, BL 01 ;180.000,00;180.000,00;0.00;Não;Apartamento, 55.47 de área total, 49.53 de área privativa, 0.00 de área do terreno,  2 qto(s), WC, 1 sala(s), cozinha, 1 vaga(s) de garagem.;Leilão SFI - Edital Único;https://venda-imoveis.caixa.gov.br/sistema/detalhe-imovel.asp?hdnimovel=8555530584568
 8444416023003 ;SC ;CRICIUMA ;SAO DEFENDE ;RUA JARDELINO TEODORO DA CONCEICAO, N. 170, QD 06 LT 25 ;215.000,00;215.000,00;0.00;Não;Casa, 0.00 de área total, 62.03 de área privativa, 360.00 de área do terreno,  2 qto(s), a.serv, WC, 1 sala(s), cozinha.;Leilão SFI - Edital Único;https://venda-imoveis.caixa.gov.br/sistema/detalhe-imovel.asp?hdnimovel=8444416023003
 8787706438837 ;SC ;CRICIUMA ;SAO DEFENDE ;RUA AFONSO MILANESE, N. 0, Apto 404, BL 15 ;195.000,00;195.000,00;0.00;Não;Apartamento, 47.65 de área total, 41.97 de área privativa, 0.00 de área do terreno,  2 qto(s), WC, 1 sala(s), cozinha.;Leilão SFI - Edital Único;https://venda-imoveis.caixa.gov.br/sistema/detalhe-imovel.asp?hdnimovel=8787706438837
 8787709042365 ;SC ;CRICIUMA ;SAO DEFENDE ;RUA AFONSO MILANESE, N. SN, Apto 204, BL12, PAV2 ;160.000,00;160.000,00;0.00;Não;Apartamento, 0.00 de área total, 41.97 de área privativa, 0.00 de área do terreno.;Leilão SFI - Edital Único;https://venda-imoveis.caixa.gov.br/sistema/detalhe-imovel.asp?hdnimovel=8787709042365
 8787710038031 ;SC ;CRICIUMA ;MINA DO MATO ;RUA OCTAVIO DE LUCCA, N. 445, Apto 103, BL 06 - B ;219.000,00;219.000,00;0.00;Não;Apartamento, 63.33 de área total, 52.00 de área privativa, 0.00 de área do terreno,  2 qto(s), WC, 1 sala(s), cozinha, 1 vaga(s) de garagem.;Leilão SFI - Edital Único;https://venda-imoveis.caixa.gov.br/sistema/detalhe-imovel.asp?hdnimovel=8787710038031
 8787703295547 ;SC ;CRICIUMA ;MINA UNIAO ;RUA LIBANO JOSE GOMES, N. 885, Apto 401, BL 09 ;164.000,00;164.000,00;0.00;Não;Apartamento, 46.02 de área total, 41.12 de área privativa, 0.00 de área do terreno,  2 qto(s), a.serv, WC, 1 sala(s), cozinha, 1 vaga(s) de garagem.;Leilão SFI - Edital Único;https://venda-imoveis.caixa.gov.br/sistema/detalhe-imovel.asp?hdnimovel=8787703295547
 8787704174441 ;SC ;CRICIUMA ;MINA UNIAO ;RUA LIBANO JOSE GOMES, N. 885, Apto 104, BL 05 ;195.000,00;195.000,00;0.00;Não;Apartamento, 0.00 de área total, 40.39 de área privativa, 0.00 de área do terreno.;Leilão SFI - Edital Único;https://venda-imoveis.caixa.gov.br/sistema/detalhe-imovel.asp?hdnimovel=8787704174441
 8444425938515 ;SC ;CRICIUMA ;VILA FLORESTA II ;RUA IRENE BURIGO COSTA, N. 0, L17, Q H ;176.102,55;113.539,33;0.00;Não;Terreno, 0.00 de área total, 0.00 de área privativa, 360.00 de área do terreno.;Leilão SFI - Edital Único;https://venda-imoveis.caixa.gov.br/sistema/detalhe-imovel.asp?hdnimovel=8444425938515
 8444427100608 ;SC ;CRICIUMA ;SAO DEFENDE ;RUA GRACIOSO PERUCHI, N. SN, QD G LT 02 ;193.966,87;120.000,00;0.00;Não;Terreno, 0.00 de área total, 0.00 de área privativa, 361.00 de área do terreno.;Leilão SFI - Edital Único;https://venda-imoveis.caixa.gov.br/sistema/detalhe-imovel.asp?hdnimovel=8444427100608
 8444415127697 ;SC ;CURITIBANOS ;São Luiz ; RUA JUVENAL CAETANO DA SILVA, N. SN, CS 10 ;114.838,57;190.000,00;39.56;Sim;Casa, 56.49 de área total, 56.49 de área privativa, 135.71 de área do terreno,  2 qto(s), a.serv, WC, 1 sala(s), cozinha.;Licitação Aberta;https://venda-imoveis.caixa.gov.br/sistema/detalhe-imovel.asp?hdnimovel=8444415127697
 1555517657664 ;SC ;CURITIBANOS ;Centro ;RUA MIGUEL DRISSEN, N. 10, LT 06 QD 08 ;828.508,59;1.300.000,00;36.27;Sim;Casa, 0.00 de área total, 314.61 de área privativa, 372.00 de área do terreno.;Licitação Aberta;https://venda-imoveis.caixa.gov.br/sistema/detalhe-imovel.asp?hdnimovel=1555517657664
 1444408542864 ;SC ;FLORIANOPOLIS ;CAMPECHE ;RUA CAMARINHAS, N. 112, QD D, LT 19 ;800.000,00;800.000,00;0.00;Não;Casa, 127.66 de área total, 114.66 de área privativa, 187.40 de área do terreno,  3 qto(s), a.serv, WC, 1 sala(s), cozinha, 1 vaga(s) de garagem.;Leilão SFI - Edital Único;https://venda-imoveis.caixa.gov.br/sistema/detalhe-imovel.asp?hdnimovel=1444408542864
 1555509086807 ;SC ;FLORIANOPOLIS ;COQUEIROS ;AVENIDA ENGENHEIRO MAX DE SOUZA, N. 1178, Apto 203, BL A, 3° PAVIMENTO ;460.000,00;460.000,00;0.00;Não;Apartamento, 73.14 de área total, 64.68 de área privativa, 0.00 de área do terreno,  2 qto(s), WC, 1 sala(s), cozinha, 1 vaga(s) de garagem.;Leilão SFI - Edital Único;https://venda-imoveis.caixa.gov.br/sistema/detalhe-imovel.asp?hdnimovel=1555509086807
 1444417035848 ;SC ;FLORIANOPOLIS ;AGRONOMICA ;RUA FREI CANECA, N. 564, Apto 204,  BL A ;1.266.684,00;1.233.000,00;0.00;Não;Apartamento, 281.69 de área total, 202.45 de área privativa, 0.00 de área do terreno,  3 qto(s), a.serv, WC, 1 sala(s), cozinha, 1 vaga(s) de garagem.;Leilão SFI - Edital Único;https://venda-imoveis.caixa.gov.br/sistema/detalhe-imovel.asp?hdnimovel=1444417035848
 10208954 ;SC ;GUARAMIRIM ;CORTICEIRA ;RUA GUILHERME RIBEIRO, N. 61, QD 01, LT 03 ;722.186,32;1.245.000,00;42.00;Não;Casa, 0.00 de área total, 336.30 de área privativa, 426.40 de área do terreno.;Venda Direta Online;https://venda-imoveis.caixa.gov.br/sistema/detalhe-imovel.asp?hdnimovel=10208954
 8444423759893 ;SC ;ICARA ;Baln Rincão ;RUA ONISIO FRANCISCO PEDRO, N. 224, ;390.000,00;390.000,00;0.00;Não;Casa, 60.05 de área total, 60.05 de área privativa, 360.00 de área do terreno,  3 qto(s), a.serv, WC, 1 sala(s), cozinha.;Leilão SFI - Edital Único;https://venda-imoveis.caixa.gov.br/sistema/detalhe-imovel.asp?hdnimovel=8444423759893
 8787721898053 ;SC ;ICARA ;CRISTO REI ;RUA ANTONIO TASSI, N. SN, Apto 21, BL 09 BOX 226 ;186.955,09;186.000,00;0.00;Não;Apartamento, 53.21 de área total, 46.69 de área privativa, 0.00 de área do terreno,  2 qto(s), a.serv, WC, 1 sala(s), 1 vaga(s) de garagem.;Leilão SFI - Edital Único;https://venda-imoveis.caixa.gov.br/sistema/detalhe-imovel.asp?hdnimovel=8787721898053
 10206997 ;SC ;IMARUI ;Centro ;ESTRADA GERAL RIO DUNA, N. SN, AGUAS MORNAS ;985.153,60;1.654.790,54;40.47;Não;Terreno, 0.00 de área total, 0.00 de área privativa, 715100.00 de área do terreno.;Venda Direta Online;https://venda-imoveis.caixa.gov.br/sistema/detalhe-imovel.asp?hdnimovel=10206997
 1555518430370 ;SC ;IMARUI ;CENTRO ;RUA CAPITAO JERONIMO LUIZ DE BITTENCOURT, N. 554, ;157.416,63;247.000,00;36.27;Não;Casa, 204.16 de área total, 204.16 de área privativa, 308.00 de área do terreno, 2 vaga(s) de garagem.;Licitação Aberta;https://venda-imoveis.caixa.gov.br/sistema/detalhe-imovel.asp?hdnimovel=1555518430370
 1444410335994 ;SC ;IMBITUBA ;ARACATUBA ; RUA CECINA DE SOUZA, N. 725, LT01, QD E ;1.100.000,00;900.000,00;0.00;Sim;Casa, 254.29 de área total, 254.29 de área privativa, 933.79 de área do terreno,  3 qto(s), a.serv, WC, 1 sala(s), cozinha.;Leilão SFI - Edital Único;https://venda-imoveis.caixa.gov.br/sistema/detalhe-imovel.asp?hdnimovel=1444410335994
 8555512247415 ;SC ;ITAJAI ;CIDADE NOVA ;RUA JOAO CIRILO DA CUNHA, N. 181, LOTE 224 QUADRA 09 ;103.200,00;172.000,00;40.00;Não;Casa, 40.00 de área total, 40.00 de área privativa, 200.00 de área do terreno, 1 vaga(s) de garagem.;Leilão SFI - Edital Único;https://venda-imoveis.caixa.gov.br/sistema/detalhe-imovel.asp?hdnimovel=8555512247415
 10274382 ;SC ;ITAJAI ;BARRA DO RIO ;RUA LUIZ JOSE BENTO DA SILVA, N. 167 ;695.182,44;1.090.800,00;36.27;Não;Casa, 0.00 de área total, 308.00 de área privativa, 384.90 de área do terreno.;Venda Online;https://venda-imoveis.caixa.gov.br/sistema/detalhe-imovel.asp?hdnimovel=10274382
 8444422985105 ;SC ;ITAJAI ;ESPINHEIROS ;RUA ANTONIO JOSE REBELLO, N. 509, A ;302.000,00;302.000,00;0.00;Não;Casa, 50.00 de área total, 49.40 de área privativa, 120.00 de área do terreno,  2 qto(s), a.serv, WC, 1 sala(s), cozinha, 1 vaga(s) de garagem.;Leilão SFI - Edital Único;https://venda-imoveis.caixa.gov.br/sistema/detalhe-imovel.asp?hdnimovel=8444422985105
 8787700508124 ;SC ;ITAJAI ;ITAIPAVA ;AVENIDA ITAIPAVA, N. 3300, Apto 202, BL 04 ;242.000,00;242.000,00;0.00;Não;Apartamento, 54.03 de área total, 48.18 de área privativa, 0.00 de área do terreno,  1 qto(s), 1 vaga(s) de garagem.;Leilão SFI - Edital Único;https://venda-imoveis.caixa.gov.br/sistema/detalhe-imovel.asp?hdnimovel=8787700508124
 8787709449660 ;SC ;ITAJAI ;ITAIPAVA ;RUA MARIA DE SOUZA GONCALVES, N. 38, Apto 101, BL 05 ;240.000,00;240.000,00;0.00;Não;Apartamento, 42.41 de área total, 37.96 de área privativa, 0.00 de área do terreno,  1 qto(s), WC, 1 sala(s), cozinha.;Leilão SFI - Edital Único;https://venda-imoveis.caixa.gov.br/sistema/detalhe-imovel.asp?hdnimovel=8787709449660
 1444408515131 ;SC ;ITAJAI ;CORDEIROS ;RUA LAUDELINA DIONISIO, N. 162, ;800.000,00;800.000,00;0.00;Não;Casa, 219.54 de área total, 219.54 de área privativa, 233.20 de área do terreno,  3 qto(s), a.serv, WC, 1 sala(s), 1 lavabo(s), cozinha, Terraco, 1 vaga(s) de garagem.;Leilão SFI - Edital Único;https://venda-imoveis.caixa.gov.br/sistema/detalhe-imovel.asp?hdnimovel=1444408515131
 1444423649577 ;SC ;ITAJAI ;CANHANDUBA ;RUA ALVARO BERALDI, N. 460, Apto 1206, TR 02 ;355.000,00;355.000,00;0.00;Não;Apartamento, 56.83 de área total, 45.40 de área privativa, 0.00 de área do terreno,  2 qto(s), WC, 1 sala(s), cozinha, 1 vaga(s) de garagem.;Leilão SFI - Edital Único;https://venda-imoveis.caixa.gov.br/sistema/detalhe-imovel.asp?hdnimovel=1444423649577
 8555521002632 ;SC ;ITAJAI ;CANHANDUBA ;RUA ALVARO BERALDI, N. 400, Apto 302, BL 7 ;310.000,00;310.000,00;0.00;Não;Apartamento, 61.00 de área total, 53.25 de área privativa, 0.00 de área do terreno,  2 qto(s), WC, 1 sala(s), cozinha.;Leilão SFI - Edital Único;https://venda-imoveis.caixa.gov.br/sistema/detalhe-imovel.asp?hdnimovel=8555521002632
 1444400104060 ;SC ;ITAPEMA ;MORRETES ; RUA 436, N. 660, CS 01 ;385.000,00;385.000,00;0.00;Não;Casa, 57.34 de área total, 56.25 de área privativa, 126.00 de área do terreno,  2 qto(s), a.serv, WC, 1 sala(s), cozinha, 1 vaga(s) de garagem.;Leilão SFI - Edital Único;https://venda-imoveis.caixa.gov.br/sistema/detalhe-imovel.asp?hdnimovel=1444400104060
 1444422827030 ;SC ;ITAPOA ;CENTRO ;RUA 1420 DR LEOCADIO JOSE CORREIA, N. 55, Apto 01, ;736.995,19;400.000,00;0.00;Não;Apartamento, 81.00 de área total, 78.49 de área privativa, 0.00 de área do terreno,  3 qto(s), a.serv, WC, 1 sala(s), cozinha, 1 vaga(s) de garagem.;Leilão SFI - Edital Único;https://venda-imoveis.caixa.gov.br/sistema/detalhe-imovel.asp?hdnimovel=1444422827030
 1444418370080 ;SC ;ITAPOA ;BARRA DO SAI ;RUA CRISTOVAO COLOMBO, N. SN, LT 13 QD 100 ;465.228,03;235.000,00;0.00;Não;Terreno, 0.00 de área total, 0.00 de área privativa, 360.00 de área do terreno.;Leilão SFI - Edital Único;https://venda-imoveis.caixa.gov.br/sistema/detalhe-imovel.asp?hdnimovel=1444418370080
 8787711605606 ;SC ;JARAGUA DO SUL ;JARAGUA 99 ;RUA BERTHA WEEGE, N. 1550, Apto 303, BL 06 VG 84 ;114.838,57;190.000,00;39.56;Não;Apartamento, 45.66 de área total, 38.40 de área privativa, 0.00 de área do terreno,  2 qto(s), WC, 1 sala(s), cozinha, 1 vaga(s) de garagem.;Licitação Aberta;https://venda-imoveis.caixa.gov.br/sistema/detalhe-imovel.asp?hdnimovel=8787711605606
 8444425079857 ;SC ;JARAGUA DO SUL ;TRES RIOS DO SUL ; RUA 1262-OLIVIO SARTI, N. 120, Apto 201, ;175.000,00;175.000,00;0.00;Não;Apartamento, 56.81 de área total, 48.12 de área privativa, 0.00 de área do terreno,  2 qto(s), WC, 1 sala(s), cozinha, 1 vaga(s) de garagem.;Leilão SFI - Edital Único;https://venda-imoveis.caixa.gov.br/sistema/detalhe-imovel.asp?hdnimovel=8444425079857
 8041700020056 ;SC ;JARAGUA DO SUL ;JARAGUA 84 ;RUA SILVINO LESKOWICZ, N. 641, ;380.000,00;380.000,00;0.00;Não;Casa, 65.00 de área total, 65.00 de área privativa, 308.00 de área do terreno,  2 qto(s), a.serv, WC, 1 sala(s), cozinha, 2 vaga(s) de garagem.;Leilão SFI - Edital Único;https://venda-imoveis.caixa.gov.br/sistema/detalhe-imovel.asp?hdnimovel=8041700020056
 8444418204145 ;SC ;JARAGUA DO SUL ;RIO CERRO II ;RUA ALBERTO UTPADEL, N. 43, LT 05 ;290.000,00;274.000,00;0.00;Sim;Casa, 40.81 de área total, 40.81 de área privativa, 300.00 de área do terreno,  2 qto(s), a.serv, WC, 1 sala(s), cozinha, 1 vaga(s) de garagem.;Leilão SFI - Edital Único;https://venda-imoveis.caixa.gov.br/sistema/detalhe-imovel.asp?hdnimovel=8444418204145
 8444414062613 ;SC ;JARAGUA DO SUL ;TRES RIOS DO NORTE ;RUA 1304 JOSE FOSSILE FILHO, N. 111, LT 01 ;370.000,00;325.972,00;0.00;Não;Casa, 44.38 de área total, 44.38 de área privativa, 416.95 de área do terreno,  2 qto(s), 1 vaga(s) de garagem.;Leilão SFI - Edital Único;https://venda-imoveis.caixa.gov.br/sistema/detalhe-imovel.asp?hdnimovel=8444414062613
 8444409712591 ;SC ;JARDINOPOLIS ;CENTRO ; RUA VALDEMAR ZUCHINALI, RUA 02, N. SN, LT12, QD B, LOT ROLIN ZAGO ;139.291,93;50.000,00;0.00;Não;Casa, 69.60 de área total, 69.60 de área privativa, 375.00 de área do terreno,  2 qto(s), a.serv, WC, 1 sala(s), cozinha.;Leilão SFI - Edital Único;https://venda-imoveis.caixa.gov.br/sistema/detalhe-imovel.asp?hdnimovel=8444409712591
 1444422154485 ;SC ;JOACABA ;CENTRO ; RUA CORONEL JOAQUIM TORRES, N. 851, Apto 302, ;581.750,00;581.750,00;0.00;Não;Apartamento, 103.66 de área total, 92.60 de área privativa, 0.00 de área do terreno,  2 qto(s), a.serv, WC, 2 sala(s), cozinha, 1 vaga(s) de garagem.;Leilão SFI - Edital Único;https://venda-imoveis.caixa.gov.br/sistema/detalhe-imovel.asp?hdnimovel=1444422154485
 8787710809240 ;SC ;JOINVILLE ;VILA NOVA ;RUA GERHARD BARKEMEYER, N. 400, Apto 204, 2º PAVIMENTO BLOCO 08 ;135.600,00;226.000,00;40.00;Não;Apartamento, 73.70 de área total, 51.30 de área privativa, 0.00 de área do terreno,  2 qto(s), a.serv, WC, 1 sala(s), cozinha, 1 vaga(s) de garagem.;Leilão SFI - Edital Único;https://venda-imoveis.caixa.gov.br/sistema/detalhe-imovel.asp?hdnimovel=8787710809240
 8787708344546 ;SC ;JOINVILLE ;AVENTUREIRO ;R ADOLFO RIBEIRO PADILHA, N. 167, Apto 406,  TORRE 2 ;165.000,00;275.000,00;40.00;Não;Apartamento, 62.23 de área total, 52.17 de área privativa, 0.00 de área do terreno,  2 qto(s), 1 vaga(s) de garagem.;Leilão SFI - Edital Único;https://venda-imoveis.caixa.gov.br/sistema/detalhe-imovel.asp?hdnimovel=8787708344546
 8555533233286 ;SC ;JOINVILLE ;PARANAGUAMIRIM ;AVENIDA AULO ABRAÃO FRANCISCO, N. SN, Apto 203, BLOCO 4 ;123.904,77;205.000,00;39.56;Não;Apartamento, 50.34 de área total, 45.17 de área privativa, 0.00 de área do terreno,  2 qto(s), WC, 1 vaga(s) de garagem.;Venda Direta Online;https://venda-imoveis.caixa.gov.br/sistema/detalhe-imovel.asp?hdnimovel=8555533233286
 10193940 ;SC ;JOINVILLE ;ZONA INDUSTRIAL NORTE ;RUA RUI BARBOSA, N. 3230, Apto ., ANTIGO Nº 2930 ;5.243.826,79;8.588.000,00;38.95;Não;Galpão, 0.00 de área total, 2048.20 de área privativa, 49559.45 de área do terreno.;Venda Direta Online;https://venda-imoveis.caixa.gov.br/sistema/detalhe-imovel.asp?hdnimovel=10193940
 8787704677354 ;SC ;JOINVILLE ;FLORESTA ;RUA AUGUSTO SCHMIDT, N. 432, Apto 107, ;165.322,22;270.000,00;38.77;Não;Apartamento, 80.14 de área total, 58.12 de área privativa, 0.00 de área do terreno,  2 qto(s), WC, 1 sala(s), cozinha, 1 vaga(s) de garagem.;Licitação Aberta;https://venda-imoveis.caixa.gov.br/sistema/detalhe-imovel.asp?hdnimovel=8787704677354
 8444416710221 ;SC ;JOINVILLE ;ADHEMAR GARCIA ;RUA JOAO TOMAS DA SILVA, N. 228, Apto 401, VG 01 ;167.159,13;273.000,00;38.77;Não;Apartamento, 60.67 de área total, 47.33 de área privativa, 0.00 de área do terreno,  2 qto(s), WC, 1 sala(s), cozinha, 1 vaga(s) de garagem.;Licitação Aberta;https://venda-imoveis.caixa.gov.br/sistema/detalhe-imovel.asp?hdnimovel=8444416710221
 8444423912217 ;SC ;JOINVILLE ;PARANAGUAMIRIM ;RUA PADRE ALOISIUS HELMANN, N. 295,  UNIDADE 01 ;158.653,51;255.000,00;37.79;Não;Casa, 72.00 de área total, 69.00 de área privativa, 72.00 de área do terreno,  2 qto(s), WC, 1 sala(s), cozinha, 1 vaga(s) de garagem.;Leilão SFI - Edital Único;https://venda-imoveis.caixa.gov.br/sistema/detalhe-imovel.asp?hdnimovel=8444423912217
 10215141 ;SC ;JOINVILLE ;SANTA CATARINA ;RUA WALDEMIRO JOSE BORGES, N. 187 ;764.090,67;1.198.922,84;36.27;Não;Comercial, 0.00 de área total, 375.00 de área privativa, 2855.75 de área do terreno.;Venda Direta Online;https://venda-imoveis.caixa.gov.br/sistema/detalhe-imovel.asp?hdnimovel=10215141
 8555539802118 ;SC ;JOINVILLE ;ADHEMAR GARCIA ;RUA ANTONIO JOSE DA COSTA, N. 340, Apto 503, BL 13 ;138.922,41;197.000,00;29.49;Não;Apartamento, 51.54 de área total, 44.15 de área privativa, 0.00 de área do terreno,  2 qto(s), a.serv, WC, 1 sala(s), cozinha.;Leilão SFI - Edital Único;https://venda-imoveis.caixa.gov.br/sistema/detalhe-imovel.asp?hdnimovel=8555539802118
 8787711169610 ;SC ;JOINVILLE ;ADHEMAR GARCIA ;RUA JARIVATUBA, N. 2120, Apto 201, BLOCO 04 ;123.353,87;173.000,00;28.70;Não;Apartamento, 0.00 de área total, 51.30 de área privativa, 0.00 de área do terreno,  2 qto(s), WC, 1 sala(s), cozinha, 1 vaga(s) de garagem.;Leilão SFI - Edital Único;https://venda-imoveis.caixa.gov.br/sistema/detalhe-imovel.asp?hdnimovel=8787711169610
 8444424107970 ;SC ;JOINVILLE ;NOVA BRASILIA ;RUA FELICIDADE, N. 243, UN 05 ;321.000,00;321.000,00;0.00;Não;Casa, 62.40 de área total, 60.32 de área privativa, 93.89 de área do terreno,  2 qto(s), WC, 1 sala(s), 1 lavabo(s), cozinha, 2 vaga(s) de garagem.;Leilão SFI - Edital Único;https://venda-imoveis.caixa.gov.br/sistema/detalhe-imovel.asp?hdnimovel=8444424107970
 1444416800893 ;SC ;JOINVILLE ;VILA NOVA ;RUA MARCIO LUCKOW, N. 736, CS GEMINADA 01 ;366.160,04;366.160,04;0.00;Não;Casa, 73.78 de área total, 71.06 de área privativa, 88.59 de área do terreno,  2 qto(s), a.serv, WC, 1 sala(s), 1 lavabo(s), cozinha, 1 vaga(s) de garagem.;Leilão SFI - Edital Único;https://venda-imoveis.caixa.gov.br/sistema/detalhe-imovel.asp?hdnimovel=1444416800893
 8444403281440 ;SC ;JOINVILLE ;VILA NOVA ;RUA JULIO STOLF, N. 15798, Apto 405, BL B VG 83 ;230.000,00;230.000,00;0.00;Não;Apartamento, 61.64 de área total, 50.75 de área privativa, 0.00 de área do terreno,  2 qto(s), a.serv, WC, 1 sala(s), cozinha, 1 vaga(s) de garagem.;Leilão SFI - Edital Único;https://venda-imoveis.caixa.gov.br/sistema/detalhe-imovel.asp?hdnimovel=8444403281440
 8555502652082 ;SC ;JOINVILLE ;VILA NOVA ;RUA JULIO STOLF, N. 15798, Apto 207, BL D ;250.000,00;250.000,00;0.00;Não;Apartamento, 62.12 de área total, 51.14 de área privativa, 0.00 de área do terreno,  2 qto(s), WC, 1 sala(s), cozinha, 1 vaga(s) de garagem.;Leilão SFI - Edital Único;https://venda-imoveis.caixa.gov.br/sistema/detalhe-imovel.asp?hdnimovel=8555502652082
 8444404515089 ;SC ;JOINVILLE ;IRIRIU ;RUA RIACHO DE SANTANA, N. 985, CS 03 ;285.000,00;285.000,00;0.00;Não;Casa, 62.89 de área total, 59.54 de área privativa, 55.83 de área do terreno,  2 qto(s), a.serv, WC, 1 sala(s), cozinha.;Leilão SFI - Edital Único;https://venda-imoveis.caixa.gov.br/sistema/detalhe-imovel.asp?hdnimovel=8444404515089
 8444414322399 ;SC ;JOINVILLE ;IRIRIU ;RUA CHURCHIL, N. 59, Apto 301, ;300.000,00;300.000,00;0.00;Não;Apartamento, 69.74 de área total, 59.98 de área privativa, 0.00 de área do terreno,  2 qto(s), 1 vaga(s) de garagem.;Leilão SFI - Edital Único;https://venda-imoveis.caixa.gov.br/sistema/detalhe-imovel.asp?hdnimovel=8444414322399
 8787717345207 ;SC ;JOINVILLE ;FLORESTA ;RUA AQUINO MANOEL QUINTINO, N. 536, Apto 904, TORRE 07 ;265.000,00;265.000,00;0.00;Não;Apartamento, 54.47 de área total, 44.31 de área privativa, 0.00 de área do terreno,  2 qto(s), WC, 1 sala(s), cozinha, 1 vaga(s) de garagem.;Leilão SFI - Edital Único;https://venda-imoveis.caixa.gov.br/sistema/detalhe-imovel.asp?hdnimovel=8787717345207
 8444404983066 ;SC ;JOINVILLE ;AVENTUREIRO ;RUA HABIB FARAH, N. 138, Apto 101, VG 01 ;290.000,00;290.000,00;0.00;Não;Apartamento, 57.89 de área total, 54.00 de área privativa, 0.00 de área do terreno,  2 qto(s), WC, 1 sala(s), cozinha, 1 vaga(s) de garagem.;Leilão SFI - Edital Único;https://venda-imoveis.caixa.gov.br/sistema/detalhe-imovel.asp?hdnimovel=8444404983066
 8444411305833 ;SC ;JOINVILLE ;AVENTUREIRO ;RUA AZULAO, N. 295, Apto 103, TERREO, VG03 ;246.000,00;246.000,00;0.00;Não;Apartamento, 0.00 de área total, 49.92 de área privativa, 0.00 de área do terreno, 1 vaga(s) de garagem.;Leilão SFI - Edital Único;https://venda-imoveis.caixa.gov.br/sistema/detalhe-imovel.asp?hdnimovel=8444411305833
 8444420578260 ;SC ;JOINVILLE ;AVENTUREIRO ;RUA JACOB FORBICE, N. 82, Apto 102, VG 01 ;236.000,00;236.000,00;0.00;Não;Apartamento, 63.79 de área total, 51.29 de área privativa, 0.00 de área do terreno,  2 qto(s), a.serv, WC, 1 sala(s), cozinha, 1 vaga(s) de garagem.;Leilão SFI - Edital Único;https://venda-imoveis.caixa.gov.br/sistema/detalhe-imovel.asp?hdnimovel=8444420578260
 8555539317864 ;SC ;JOINVILLE ;ADHEMAR GARCIA ;RUA ANTONIO JOSE DA COSTA, N. 340, Apto 204, BL 14 ;206.000,00;206.000,00;0.00;Não;Apartamento, 51.56 de área total, 44.17 de área privativa, 0.00 de área do terreno,  2 qto(s), a.serv, WC, 1 sala(s), cozinha.;Leilão SFI - Edital Único;https://venda-imoveis.caixa.gov.br/sistema/detalhe-imovel.asp?hdnimovel=8555539317864
 8444425492665 ;SC ;JOINVILLE ;JARDIM PARAISO ;RUA PISCIS AUSTRINUS, N. 44, CS 02 ;235.000,00;235.000,00;0.00;Não;Casa, 56.20 de área total, 53.49 de área privativa, 97.50 de área do terreno,  2 qto(s), a.serv, WC, 1 sala(s), cozinha, 1 vaga(s) de garagem.;Leilão SFI - Edital Único;https://venda-imoveis.caixa.gov.br/sistema/detalhe-imovel.asp?hdnimovel=8444425492665
 8444427128014 ;SC ;JOINVILLE ;JARDIM PARAISO ;RUA PUPPIS, N. 933, CS02 ;225.000,00;225.000,00;0.00;Não;Casa, 52.90 de área total, 50.45 de área privativa, 98.50 de área do terreno,  2 qto(s), WC, 1 sala(s), cozinha, 1 vaga(s) de garagem.;Leilão SFI - Edital Único;https://venda-imoveis.caixa.gov.br/sistema/detalhe-imovel.asp?hdnimovel=8444427128014
 8444409585999 ;SC ;JOINVILLE ;AVENTUREIRO ;RUA JOAO ALVIM DUARTE, N. 361, Apto 201, ;190.695,31;188.000,00;0.00;Não;Apartamento, 54.68 de área total, 48.45 de área privativa, 0.00 de área do terreno,  2 qto(s), a.serv, WC, 1 sala(s), cozinha, 1 vaga(s) de garagem.;Leilão SFI - Edital Único;https://venda-imoveis.caixa.gov.br/sistema/detalhe-imovel.asp?hdnimovel=8444409585999
 1444415924149 ;SC ;JOINVILLE ;SAGUACU ;RUA PIRATUBA, N. 477, ;640.875,00;630.000,00;0.00;Não;Casa, 174.50 de área total, 174.50 de área privativa, 570.00 de área do terreno,  3 qto(s), a.serv, WC, 1 lavabo(s), cozinha, 2 vaga(s) de garagem.;Leilão SFI - Edital Único;https://venda-imoveis.caixa.gov.br/sistema/detalhe-imovel.asp?hdnimovel=1444415924149
 8787717189140 ;SC ;JOINVILLE ;FLORESTA ;RUA AQUINO MANOEL QUINTINO, N. 536, Apto 307, TORRE 05 VG 208 ;260.271,00;252.862,70;0.00;Não;Apartamento, 80.56 de área total, 44.32 de área privativa, 0.00 de área do terreno,  2 qto(s), WC, 1 sala(s), cozinha, 1 vaga(s) de garagem.;Leilão SFI - Edital Único;https://venda-imoveis.caixa.gov.br/sistema/detalhe-imovel.asp?hdnimovel=8787717189140
 8444429658371 ;SC ;JOINVILLE ;VILA NOVA ;RUA SAO FIRMINO, N. 602, Apto 204, BL1 ;201.016,00;193.000,00;0.00;Não;Apartamento, 48.77 de área total, 41.85 de área privativa, 0.00 de área do terreno,  2 qto(s), a.serv, WC, 1 sala(s), cozinha, 1 vaga(s) de garagem.;Leilão SFI - Edital Único;https://venda-imoveis.caixa.gov.br/sistema/detalhe-imovel.asp?hdnimovel=8444429658371
 8787715545853 ;SC ;JOINVILLE ;PARQUE GUARANI ;RUA BOEHMERWALD, N. 2153, Apto 501, TORRE 05 VG 139 ;217.302,53;200.000,00;0.00;Não;Apartamento, 49.77 de área total, 43.03 de área privativa, 0.00 de área do terreno,  2 qto(s), WC, 1 sala(s), cozinha, 1 vaga(s) de garagem.;Leilão SFI - Edital Único;https://venda-imoveis.caixa.gov.br/sistema/detalhe-imovel.asp?hdnimovel=8787715545853
 8787714403320 ;SC ;JOINVILLE ;JOAO COSTA ;RUA JOAO DA COSTA JUNIOR, N. 0, Apto 203, BL 02, VAGA DE GARAGEM Nº 17 ;212.759,05;190.000,00;0.00;Não;Apartamento, 48.59 de área total, 39.30 de área privativa, 0.00 de área do terreno,  2 qto(s), WC, 1 sala(s), cozinha, 1 vaga(s) de garagem.;Leilão SFI - Edital Único;https://venda-imoveis.caixa.gov.br/sistema/detalhe-imovel.asp?hdnimovel=8787714403320
 8555527320660 ;SC ;JOINVILLE ;JOAO COSTA ;RUA NILSON JOAO RAULINO, N. 350, Apto 302, BL 23 VG 138 ;192.688,00;150.000,00;0.00;Não;Apartamento, 61.52 de área total, 54.14 de área privativa, 0.00 de área do terreno,  2 qto(s), WC, 1 sala(s), 1 vaga(s) de garagem.;Leilão SFI - Edital Único;https://venda-imoveis.caixa.gov.br/sistema/detalhe-imovel.asp?hdnimovel=8555527320660
 8313000000579 ;SC ;JOINVILLE ;ITAUM ;RUA HAITI, N. 360, LT 11 ;553.335,00;390.000,00;0.00;Não;Casa, 213.87 de área total, 213.87 de área privativa, 360.00 de área do terreno, 1 vaga(s) de garagem.;Leilão SFI - Edital Único;https://venda-imoveis.caixa.gov.br/sistema/detalhe-imovel.asp?hdnimovel=8313000000579
 8444416317627 ;SC ;JOINVILLE ;VILA NOVA ;RUA ELARIO GASTAO BAUMER, N. 75, Apto 201, ;249.890,00;166.000,00;0.00;Não;Apartamento, 55.55 de área total, 50.03 de área privativa, 0.00 de área do terreno.;Leilão SFI - Edital Único;https://venda-imoveis.caixa.gov.br/sistema/detalhe-imovel.asp?hdnimovel=8444416317627
 8444435634489 ;SC ;LAGES ;PROMORAR ;RUA JOSE MARIA RIBAS PINTO, N. 610, Apto 202, BL I ;71.654,14;125.000,00;42.68;Não;Apartamento, 53.42 de área total, 46.50 de área privativa, 0.00 de área do terreno,  2 qto(s), WC, 1 sala(s), cozinha.;Licitação Aberta;https://venda-imoveis.caixa.gov.br/sistema/detalhe-imovel.asp?hdnimovel=8444435634489
 8444430436670 ;SC ;LAGES ;PROMORAR ;RUA JOSE MARIA RIBAS PINTO, N. 610, Apto 403, BL H ;87.819,45;150.000,00;41.46;Não;Apartamento, 53.42 de área total, 46.50 de área privativa, 0.00 de área do terreno,  2 qto(s), a.serv, WC, 1 sala(s), cozinha.;Venda Direta Online;https://venda-imoveis.caixa.gov.br/sistema/detalhe-imovel.asp?hdnimovel=8444430436670
 1444414308037 ;SC ;LAGES ;GUADALUPE ;RUA ANTONIO MARTINS, N. 159, QD 65 LT 1018 ;310.000,00;310.000,00;0.00;Não;Casa, 59.85 de área total, 59.85 de área privativa, 104.00 de área do terreno,  2 qto(s), a.serv, WC, 1 sala(s), cozinha, 1 vaga(s) de garagem.;Leilão SFI - Edital Único;https://venda-imoveis.caixa.gov.br/sistema/detalhe-imovel.asp?hdnimovel=1444414308037
 8444425189989 ;SC ;LAURENTINO ;LOT DAS FLORES ; RUA LUIGI CHIROLLI, N. 368, ;220.000,00;220.000,00;0.00;Não;Casa, 52.20 de área total, 52.20 de área privativa, 454.91 de área do terreno,  2 qto(s), a.serv, WC, 1 sala(s), cozinha, 1 vaga(s) de garagem.;Leilão SFI - Edital Único;https://venda-imoveis.caixa.gov.br/sistema/detalhe-imovel.asp?hdnimovel=8444425189989
 1444418305970 ;SC ;LAURO MULLER ;CENTRO ; RUA DAVID BEZ FONTANA, N. SN, ;179.018,25;115.893,20;0.00;Não;Terreno, 0.00 de área total, 0.00 de área privativa, 595.00 de área do terreno.;Leilão SFI - Edital Único;https://venda-imoveis.caixa.gov.br/sistema/detalhe-imovel.asp?hdnimovel=1444418305970
 8787701620785 ;SC ;LONTRAS ;CENTRO ; RUA GUSTAVO BOEHME, N. 95, Apto 22, BL C ;200.000,00;200.000,00;0.00;Não;Apartamento, 61.15 de área total, 53.94 de área privativa, 0.00 de área do terreno,  2 qto(s), a.serv, WC, 1 sala(s), cozinha.;Leilão SFI - Edital Único;https://venda-imoveis.caixa.gov.br/sistema/detalhe-imovel.asp?hdnimovel=8787701620785
 1444419619510 ;SC ;MAFRA ;VILA FERROVIARIA ;RUA VICTOR CELESTINO DE OLIVEIRA, N. 246, LT 55 ;667.985,04;1.075.000,00;37.87;Sim;Casa, 0.00 de área total, 70.00 de área privativa, 639.00 de área do terreno.;Venda Direta Online;https://venda-imoveis.caixa.gov.br/sistema/detalhe-imovel.asp?hdnimovel=1444419619510
 8555533422607 ;SC ;MORRO DA FUMACA ;Capelinha ; AVENIDA CELESTE RECCO, N. 1470, Apto 304, BL 04 ;198.000,00;198.000,00;0.00;Não;Apartamento, 84.44 de área total, 62.38 de área privativa, 0.00 de área do terreno,  2 qto(s), WC, 1 sala(s), cozinha, 1 vaga(s) de garagem.;Leilão SFI - Edital Único;https://venda-imoveis.caixa.gov.br/sistema/detalhe-imovel.asp?hdnimovel=8555533422607
 8444405059524 ;SC ;NOVA ERECHIM ;Centro ; RUA MARECHAL CANDIDO RONDON, N. 227, LT 04 QD 43 ;257.000,00;257.000,00;0.00;Não;Casa, 99.56 de área total, 99.56 de área privativa, 560.00 de área do terreno,  3 qto(s), a.serv, WC, 1 sala(s), cozinha, 1 vaga(s) de garagem.;Leilão SFI - Edital Único;https://venda-imoveis.caixa.gov.br/sistema/detalhe-imovel.asp?hdnimovel=8444405059524
 8555532335786 ;SC ;PALHOCA ;ARIRIU DA FORMIGA ;RUA RAUL ANTONIO DA SILVA, N. 236, Apto 1014, BL10 ;140.828,35;233.000,00;39.56;Sim;Apartamento, 64.36 de área total, 57.60 de área privativa, 0.00 de área do terreno,  2 qto(s), a.serv, WC, 1 sala(s), cozinha, 1 vaga(s) de garagem.;Venda Online;https://venda-imoveis.caixa.gov.br/sistema/detalhe-imovel.asp?hdnimovel=8555532335786
 8787717196899 ;SC ;PALHOCA ;BELA VISTA ;AVENIDA PAULO ROBERTO VIDAL, N. 2050, Apto 203, BL 03 QD B1 LOT PQ VALE VERDE ;145.116,17;237.000,00;38.77;Não;Apartamento, 83.34 de área total, 46.66 de área privativa, 0.00 de área do terreno,  2 qto(s), WC, 1 sala(s), cozinha, 1 vaga(s) de garagem.;Licitação Aberta;https://venda-imoveis.caixa.gov.br/sistema/detalhe-imovel.asp?hdnimovel=8787717196899
 8444406397865 ;SC ;PALHOCA ;GUARDA DO CUBATAO ;RUA JORGE MARCELINO COELHO, N. 795, Apto 404, ;178.448,00;280.000,00;36.27;Sim;Apartamento, 88.73 de área total, 72.73 de área privativa, 0.00 de área do terreno,  2 qto(s), a.serv, WC, 1 sala(s), cozinha, 1 vaga(s) de garagem.;Venda Online;https://venda-imoveis.caixa.gov.br/sistema/detalhe-imovel.asp?hdnimovel=8444406397865
 8787704973859 ;SC ;PALHOCA ;SAO SEBASTIAO ;RUA LUIZ ALESSIO LENHANI, N. 84, Apto 305, BL 01 ;240.000,00;240.000,00;0.00;Não;Apartamento, 65.76 de área total, 55.43 de área privativa, 0.00 de área do terreno,  2 qto(s), a.serv, WC, 1 sala(s), cozinha, 1 vaga(s) de garagem.;Leilão SFI - Edital Único;https://venda-imoveis.caixa.gov.br/sistema/detalhe-imovel.asp?hdnimovel=8787704973859
 8555523965977 ;SC ;PALHOCA ;GUARDA DO CUBATAO ;RUA NEREU GHIZONI, N. 880, Apto 11,  BL 20 ;191.000,00;191.000,00;0.00;Não;Apartamento, 52.19 de área total, 44.54 de área privativa, 0.00 de área do terreno,  2 qto(s), WC, 1 sala(s), cozinha, Terraco, 1 vaga(s) de garagem.;Leilão SFI - Edital Único;https://venda-imoveis.caixa.gov.br/sistema/detalhe-imovel.asp?hdnimovel=8555523965977
 1444412500038 ;SC ;PALHOCA ;BARRA DO ARIRIU ;RUA JOAO VALERIO DE SOUZA, N. 154, LT 17 QD 04 CS 02 ;260.000,00;260.000,00;0.00;Não;Casa, 60.00 de área total, 58.55 de área privativa, 180.00 de área do terreno,  2 qto(s), a.serv, WC, 1 sala(s), cozinha, 1 vaga(s) de garagem.;Leilão SFI - Edital Único;https://venda-imoveis.caixa.gov.br/sistema/detalhe-imovel.asp?hdnimovel=1444412500038
 8444401649564 ;SC ;PALHOCA ;BARRA DO ARIRIU ;RUA NICOLAU SEVERIANO DE FARIAS, N. 47, Apto 101,  VAGA Nº 101 ;220.000,00;220.000,00;0.00;Não;Apartamento, 0.00 de área total, 49.88 de área privativa, 0.00 de área do terreno,  2 qto(s), WC, 1 sala(s), cozinha, 1 vaga(s) de garagem.;Leilão SFI - Edital Único;https://venda-imoveis.caixa.gov.br/sistema/detalhe-imovel.asp?hdnimovel=8444401649564
 8444422361020 ;SC ;PALHOCA ;BELA VISTA ;RUA BEATRIZ SUMAR AMORIM, N. 398, QD 10 LT 21 CS 02 RES CABARITA ;260.000,00;260.000,00;0.00;Não;Casa, 60.04 de área total, 57.80 de área privativa, 77.12 de área do terreno,  2 qto(s), a.serv, WC, 1 sala(s), 1 lavabo(s), cozinha, 1 vaga(s) de garagem.;Leilão SFI - Edital Único;https://venda-imoveis.caixa.gov.br/sistema/detalhe-imovel.asp?hdnimovel=8444422361020
 8444419622692 ;SC ;PALHOCA ;ARIRIU DA FORMIGA ;RUA RAUL ANTONIO DA SILVA, N. 236, Apto 1017, BL10 ;223.000,00;223.000,00;0.00;Não;Apartamento, 64.36 de área total, 57.60 de área privativa, 0.00 de área do terreno,  2 qto(s), a.serv, WC, 1 sala(s), cozinha, 1 vaga(s) de garagem.;Leilão SFI - Edital Único;https://venda-imoveis.caixa.gov.br/sistema/detalhe-imovel.asp?hdnimovel=8444419622692
 8787715322510 ;SC ;PALHOCA ;NOVA PALHOCA ;RUA ERNESTO MEYER FILHO, N. 32, Apto 401, BL A VG 157 ;270.000,00;270.000,00;0.00;Não;Apartamento, 58.08 de área total, 50.40 de área privativa, 0.00 de área do terreno,  2 qto(s), WC, 1 sala(s), cozinha, 1 vaga(s) de garagem.;Leilão SFI - Edital Único;https://venda-imoveis.caixa.gov.br/sistema/detalhe-imovel.asp?hdnimovel=8787715322510
 8444426445865 ;SC ;PLANALTO ALEGRE ;CENTRO ; RUA OTILIO CHIARELLO, N. 123, LOTE 11 QUADRA 55 ;68.880,72;81.550,00;15.54;Não;Terreno, 0.00 de área total, 0.00 de área privativa, 374.57 de área do terreno.;Leilão SFI - Edital Único;https://venda-imoveis.caixa.gov.br/sistema/detalhe-imovel.asp?hdnimovel=8444426445865
 10216482 ;SC ;RIO NEGRINHO ;VILA NOVA ;RUA JOSEPH STRENZEL, N. 191 ;681.926,30;1.070.000,00;36.27;Não;Galpão, 0.00 de área total, 420.00 de área privativa, 612.76 de área do terreno.;Venda Direta Online;https://venda-imoveis.caixa.gov.br/sistema/detalhe-imovel.asp?hdnimovel=10216482
 1444419390386 ;SC ;SALETE ;SCHREIBER ; RUA  AUGUSTO SCWARTZ, N. 25, Apto 11, TERREO ;138.473,13;220.000,00;37.06;Sim;Apartamento, 56.24 de área total, 49.09 de área privativa, 0.00 de área do terreno, 1 vaga(s) de garagem.;Venda Online;https://venda-imoveis.caixa.gov.br/sistema/detalhe-imovel.asp?hdnimovel=1444419390386
 1555515138422 ;SC ;SANTO AMARO DA IMPERATRIZ ;CENTRO ; RUA SANTANA, N. 4671, ;1.600.000,00;1.600.000,00;0.00;Não;Casa, 459.19 de área total, 459.19 de área privativa, 2236.00 de área do terreno,  4 qto(s), a.serv, WC, 2 sala(s), 1 lavabo(s), cozinha, 2 vaga(s) de garagem.;Leilão SFI - Edital Único;https://venda-imoveis.caixa.gov.br/sistema/detalhe-imovel.asp?hdnimovel=1555515138422
 1444420491778 ;SC ;SAO BENTO DO SUL ;RIO NEGRO ;RUA DANIELA PATRICIA MENGARDA, N. 132, Apto 02, ;305.000,00;305.000,00;0.00;Não;Apartamento, 71.31 de área total, 65.47 de área privativa, 0.00 de área do terreno,  2 qto(s), a.serv, WC, 1 sala(s), cozinha.;Leilão SFI - Edital Único;https://venda-imoveis.caixa.gov.br/sistema/detalhe-imovel.asp?hdnimovel=1444420491778
 8444412034965 ;SC ;SAO BENTO DO SUL ;RIO VERMELHO ESTACAO ;RUA CARLOS MANOEL LINZMEYER, N. SN, CS 04 ;202.455,75;178.000,00;0.00;Não;Casa, 77.80 de área total, 77.27 de área privativa, 0.00 de área do terreno,  2 qto(s), a.serv, WC, 1 sala(s), cozinha.;Leilão SFI - Edital Único;https://venda-imoveis.caixa.gov.br/sistema/detalhe-imovel.asp?hdnimovel=8444412034965
 1444419482868 ;SC ;SAO CRISTOVAO DO SUL ;centro ;  R AFONSO FAEDO, N. SN, 0 ;671.463,88;650.000,00;0.00;Não;Casa, 0.00 de área total, 194.02 de área privativa, 525.00 de área do terreno.;Leilão SFI - Edital Único;https://venda-imoveis.caixa.gov.br/sistema/detalhe-imovel.asp?hdnimovel=1444419482868
 10215807 ;SC ;SAO FRANCISCO DO SUL ;ROCIO PEQUENO ;RUA JOSÉ LAERCIO THOMAZELLI, N. 00, QD 03, LT 06 ;172.074,86;270.000,00;36.27;Não;Terreno, 0.00 de área total, 0.00 de área privativa, 450.00 de área do terreno.;Venda Direta Online;https://venda-imoveis.caixa.gov.br/sistema/detalhe-imovel.asp?hdnimovel=10215807
 1444405740975 ;SC ;SAO FRANCISCO DO SUL ;AGUA BRANCA ;RUA JOAO PEREIRA DE SANT-ANNA, N. 60, CASA 06 ;520.000,00;520.000,00;0.00;Não;Casa, 111.17 de área total, 111.17 de área privativa, 248.40 de área do terreno,  3 qto(s), varanda, a.serv, WC, 1 sala(s), 1 lavabo(s), cozinha, 1 vaga(s) de garagem.;Leilão SFI - Edital Único;https://venda-imoveis.caixa.gov.br/sistema/detalhe-imovel.asp?hdnimovel=1444405740975
 8444422360717 ;SC ;SAO JOAO BATISTA ;TAJUBA II ; RUA LUCIA SOARES AZEVEDO, N. 50, Apto 101, ;132.970,97;220.000,00;39.56;Sim;Apartamento, 58.63 de área total, 52.42 de área privativa, 0.00 de área do terreno,  2 qto(s), WC, 1 sala(s), cozinha, 1 vaga(s) de garagem.;Venda Online;https://venda-imoveis.caixa.gov.br/sistema/detalhe-imovel.asp?hdnimovel=8444422360717
 8444429397942 ;SC ;SAO JOAO BATISTA ;Ribanceira do Sul ; RUA JOSÉ ANTONIO SOARES, N. 1650, Apto 401, BL E ;129.948,90;215.000,00;39.56;Não;Apartamento, 54.56 de área total, 47.63 de área privativa, 0.00 de área do terreno,  2 qto(s), a.serv, WC, 1 sala(s), cozinha.;Venda Online;https://venda-imoveis.caixa.gov.br/sistema/detalhe-imovel.asp?hdnimovel=8444429397942
 8444413948014 ;SC ;SAO JOAO BATISTA ;CARMELO ; RUA OVIDEO MAZERA, N. 418, Apto 201, ;190.000,00;190.000,00;0.00;Não;Apartamento, 55.01 de área total, 50.12 de área privativa, 0.00 de área do terreno,  2 qto(s), WC, 1 vaga(s) de garagem.;Leilão SFI - Edital Único;https://venda-imoveis.caixa.gov.br/sistema/detalhe-imovel.asp?hdnimovel=8444413948014
 1444402388715 ;SC ;SAO JOSE ;CAMPINAS ;AVENIDA BRIGADEIRO DA SILVA PAES, N. 181, Apto 201, BL A ;314.456,25;524.093,75;40.00;Não;Apartamento, 106.60 de área total, 81.91 de área privativa, 0.00 de área do terreno,  3 qto(s), a.serv, WC, 1 sala(s), cozinha, 1 vaga(s) de garagem.;Leilão SFI - Edital Único;https://venda-imoveis.caixa.gov.br/sistema/detalhe-imovel.asp?hdnimovel=1444402388715
 8787702769154 ;SC ;SAO JOSE ;AREIAS ;RUA LOURIVAL LUIZ GOMES, N. 116, Apto 203, BL 17 VG 263 ;131.157,73;217.000,00;39.56;Não;Apartamento, 54.59 de área total, 48.34 de área privativa, 0.00 de área do terreno,  2 qto(s), WC, 1 sala(s), cozinha, 1 vaga(s) de garagem.;Licitação Aberta;https://venda-imoveis.caixa.gov.br/sistema/detalhe-imovel.asp?hdnimovel=8787702769154
 8555502815372 ;SC ;SAO JOSE ;SERTAO DO MARUIM ;RUA MATHIAS SCHELL, N. 313, Apto 42,  BL 07 4ºPAV ;134.130,93;213.101,31;37.06;Sim;Apartamento, 0.00 de área total, 41.66 de área privativa, 0.00 de área do terreno.;Venda Online;https://venda-imoveis.caixa.gov.br/sistema/detalhe-imovel.asp?hdnimovel=8555502815372
 1787701862675 ;SC ;SAO JOSE ;SERTAO DO MARUIM ;RUA VIDAL VICENTE ANDRADE, N. 1171, Apto 101, BL 05 VG 233 ;165.701,72;260.000,00;36.27;Não;Apartamento, 85.66 de área total, 40.28 de área privativa, 0.00 de área do terreno,  2 qto(s), WC, 1 sala(s), cozinha, 1 vaga(s) de garagem.;Licitação Aberta;https://venda-imoveis.caixa.gov.br/sistema/detalhe-imovel.asp?hdnimovel=1787701862675
 1787702466404 ;SC ;SAO JOSE ;NOSSA SENHORA DO ROSARIO ;AVENIDA IVO REIS MONTENEGRO, N. 262, Apto 601, ;870.000,00;870.000,00;0.00;Não;Apartamento, 136.86 de área total, 94.30 de área privativa, 0.00 de área do terreno,  3 qto(s), a.serv, WC, 1 sala(s), cozinha, 1 vaga(s) de garagem.;Leilão SFI - Edital Único;https://venda-imoveis.caixa.gov.br/sistema/detalhe-imovel.asp?hdnimovel=1787702466404
 1444406412491 ;SC ;SAO JOSE ;ROCADO ; RUA E, N. S/N, LT 01 QD 05 ;450.000,00;450.000,00;0.00;Não;Terreno, 0.00 de área total, 0.00 de área privativa, 517.72 de área do terreno.;Leilão SFI - Edital Único;https://venda-imoveis.caixa.gov.br/sistema/detalhe-imovel.asp?hdnimovel=1444406412491
 8444424405246 ;SC ;SAO JOSE ;FORQUILHAS ;RUA MINHO, N. 126, CS 02 ;230.000,00;230.000,00;0.00;Não;Casa, 50.49 de área total, 48.89 de área privativa, 100.00 de área do terreno.;Leilão SFI - Edital Único;https://venda-imoveis.caixa.gov.br/sistema/detalhe-imovel.asp?hdnimovel=8444424405246
 8787713975915 ;SC ;SAO JOSE ;SERTAO DO MARUIM ;RUA VIDAL VICENTE ANDRADE, N. 1171, Apto 403, PAV 04, BL 23, VG58 ;268.000,00;268.000,00;0.00;Não;Apartamento, 0.00 de área total, 40.28 de área privativa, 0.00 de área do terreno, 1 vaga(s) de garagem.;Leilão SFI - Edital Único;https://venda-imoveis.caixa.gov.br/sistema/detalhe-imovel.asp?hdnimovel=8787713975915
 8787715255987 ;SC ;SAO JOSE ;SERTAO DO MARUIM ;RUA VIDAL VICENTE ANDRADE, N. 1171, Apto 403, BL 11, VAGA N°456 ;260.000,00;260.000,00;0.00;Não;Apartamento, 76.62 de área total, 40.28 de área privativa, 0.00 de área do terreno,  2 qto(s), a.serv, WC, 1 sala(s), cozinha, 1 vaga(s) de garagem.;Leilão SFI - Edital Único;https://venda-imoveis.caixa.gov.br/sistema/detalhe-imovel.asp?hdnimovel=8787715255987
 8444434140083 ;SC ;SAO JOSE ;JARDIM CIDADE DE FLORIANOPOLIS ;RUA PEDRO BUNN, N. 1516, Apto 104, BL 01 ;407.192,31;400.000,00;0.00;Não;Apartamento, 100.20 de área total, 65.95 de área privativa, 0.00 de área do terreno,  2 qto(s), WC, 1 sala(s), cozinha, 1 vaga(s) de garagem.;Leilão SFI - Edital Único;https://venda-imoveis.caixa.gov.br/sistema/detalhe-imovel.asp?hdnimovel=8444434140083
 8787701707538 ;SC ;SAO JOSE ;AREIAS ;RUA LOURIVAL LUIZ GOMES, N. 116, Apto 103, BL 25 ;236.619,90;210.000,00;0.00;Não;Apartamento, 79.67 de área total, 48.34 de área privativa, 0.00 de área do terreno, 1 vaga(s) de garagem.;Leilão SFI - Edital Único;https://venda-imoveis.caixa.gov.br/sistema/detalhe-imovel.asp?hdnimovel=8787701707538
 1787701681050 ;SC ;SAO JOSE ;FORQUILHAS ;RUA VIDAL VICENTE ANDRADE, N. 1171, Apto 101, BL 23 VAGA 72 ;227.989,79;190.500,00;0.00;Não;Apartamento, 77.93 de área total, 40.28 de área privativa, 0.00 de área do terreno,  2 qto(s), WC, 1 sala(s), cozinha, 1 vaga(s) de garagem.;Leilão SFI - Edital Único;https://venda-imoveis.caixa.gov.br/sistema/detalhe-imovel.asp?hdnimovel=1787701681050
 8444414024134 ;SC ;TAIO ;PADRE EDUARDO ; RUA FRANCISCO TOMASONI, N. 1189, ;120.000,00;200.000,00;40.00;Não;Casa, 101.49 de área total, 63.60 de área privativa, 146.15 de área do terreno,  2 qto(s), a.serv, WC, 1 sala(s), cozinha, 1 vaga(s) de garagem.;Leilão SFI - Edital Único;https://venda-imoveis.caixa.gov.br/sistema/detalhe-imovel.asp?hdnimovel=8444414024134
 1555522444509 ;SC ;TAIO ;Seminário ; RODOVIA SC 302, N. 2200, 0, ;1.303.307,74;2.045.000,00;36.27;Sim;Casa, 825.00 de área total, 610.27 de área privativa, 6000.00 de área do terreno.;Licitação Aberta;https://venda-imoveis.caixa.gov.br/sistema/detalhe-imovel.asp?hdnimovel=1555522444509
 8444416788573 ;SC ;TIJUCAS ;JOAIA ;R LINDAURA DOS SANTOS VARGAS, N. 143, CS 4 ;145.800,00;243.000,00;40.00;Não;Casa, 51.45 de área total, 51.45 de área privativa, 89.95 de área do terreno,  2 qto(s), a.serv, WC, 1 sala(s), cozinha, 1 vaga(s) de garagem.;Leilão SFI - Edital Único;https://venda-imoveis.caixa.gov.br/sistema/detalhe-imovel.asp?hdnimovel=8444416788573
 8555533574067 ;SC ;TIJUCAS ;AREIAS ;RUA MANOEL FURTUOSO, N. 129, Apto 102, BL B VG 12 ;295.000,00;295.000,00;0.00;Não;Apartamento, 65.09 de área total, 55.95 de área privativa, 0.00 de área do terreno,  2 qto(s), WC, 1 sala(s), cozinha, 1 vaga(s) de garagem.;Leilão SFI - Edital Único;https://venda-imoveis.caixa.gov.br/sistema/detalhe-imovel.asp?hdnimovel=8555533574067
 8444420811010 ;SC ;TIJUCAS ;JOAIA ;RUA AUGUSTO JOSE MORFELLE, N. 93, CS 01, LT 06 QD 8 ;365.711,84;365.711,84;0.00;Não;Casa, 53.59 de área total, 53.59 de área privativa, 92.25 de área do terreno,  2 qto(s), a.serv, WC, 1 sala(s), cozinha, 1 vaga(s) de garagem.;Leilão SFI - Edital Único;https://venda-imoveis.caixa.gov.br/sistema/detalhe-imovel.asp?hdnimovel=8444420811010
 8555518098365 ;SC ;TIMBO ;TIROLESES ;RUA TIROLESES, N. 1174, Apto 304, BL08, VG 61, PAV03 ;231.000,00;231.000,00;0.00;Não;Apartamento, 58.48 de área total, 46.48 de área privativa, 0.00 de área do terreno,  2 qto(s), a.serv, WC, 1 sala(s), cozinha, 1 vaga(s) de garagem.;Leilão SFI - Edital Único;https://venda-imoveis.caixa.gov.br/sistema/detalhe-imovel.asp?hdnimovel=8555518098365
 1444413761048 ;SC ;TUBARAO ;VILA MOEMA ;AVENIDA RODOVALHO, N. 762, Apto 401, ;1.089.807,45;1.710.000,00;36.27;Sim;Apartamento, 0.00 de área total, 164.51 de área privativa, 0.00 de área do terreno,  3 qto(s), a.serv, WC, 3 sala(s), cozinha, 3 vaga(s) de garagem.;Licitação Aberta;https://venda-imoveis.caixa.gov.br/sistema/detalhe-imovel.asp?hdnimovel=1444413761048
 8787700808950 ;SC ;TUBARAO ;SAO JOAO (MARGEM ESQUERDA) ;R EXPEDICIONARIO MIGUEL TEODORO GOULAR, N. 301, CS 10, BL L ;135.252,32;191.000,00;29.19;Não;Casa, 53.96 de área total, 52.64 de área privativa, 106.67 de área do terreno,  2 qto(s), a.serv, WC, 1 sala(s), cozinha, 1 vaga(s) de garagem.;Leilão SFI - Edital Único;https://venda-imoveis.caixa.gov.br/sistema/detalhe-imovel.asp?hdnimovel=8787700808950
 8444401496601 ;SC ;VIDEIRA ;CIDADE ALTA ;RUA THEODORO TURKOT, N. 67, CS 04 ;152.955,43;240.000,00;36.27;Sim;Casa, 82.82 de área total, 82.82 de área privativa, 70.04 de área do terreno,  3 qto(s), a.serv, WC, 1 sala(s), cozinha, 1 vaga(s) de garagem.;Licitação Aberta;https://venda-imoveis.caixa.gov.br/sistema/detalhe-imovel.asp?hdnimovel=8444401496601
 8444413489575 ;SC ;VIDEIRA ;OFICINA ; R ANGELO ALBIERO, N. 418, CS, LT 32 QD B ;240.000,00;240.000,00;0.00;Não;Casa, 41.07 de área total, 41.07 de área privativa, 490.00 de área do terreno,  1 qto(s), a.serv, WC, 1 sala(s), cozinha, 1 vaga(s) de garagem.;Leilão SFI - Edital Único;https://venda-imoveis.caixa.gov.br/sistema/detalhe-imovel.asp?hdnimovel=8444413489575
 1444417607230 ;SC ;XANXERE ;SAO JORGE ;RUA RENATO MARCANTE, N. 106, LT 45, QD D ;341.787,54;595.881,72;42.65;Não;Casa, 0.00 de área total, 329.79 de área privativa, 371.00 de área do terreno,  3 qto(s), varanda, a.serv, WC, 1 sala(s), cozinha, 2 vaga(s) de garagem.;Venda Direta Online;https://venda-imoveis.caixa.gov.br/sistema/detalhe-imovel.asp?hdnimovel=1444417607230
 8444417043210 ;SC ;XANXERE ;LOT BEM MORAR II ; RUA FLAVIO OSCAR FARDO, N. 241, LT 54 QD D ;428.753,19;690.000,00;37.87;Sim;Casa, 158.78 de área total, 48.78 de área privativa, 250.66 de área do terreno,  2 qto(s), a.serv, WC, 1 sala(s), 1 lavabo(s), cozinha.;Licitação Aberta;https://venda-imoveis.caixa.gov.br/sistema/detalhe-imovel.asp?hdnimovel=8444417043210
